osm_id,name,shop,amenity,brand,addr.street,addr.housenumber,addr.city,addr.postcode,lon,lat
192375715,Sunmax Supermarket,convenience,NA,NA,Meadowlands Drive East,1119,NA,NA,-75.7122114,45.3628448
298936063,MacEwen,convenience,fuel,MacEwen,Wilson Street West,11,Perth,K7H 2M8,-76.2531442,44.9012046
472492270,Quickie,convenience,NA,NA,Rideau Street,712,NA,NA,-75.6532193,45.0208873
588149748,Lauzon,convenience,NA,NA,Guigues Avenue,207,NA,K1N 5J3,-75.6911296,45.4326553
671832491,Au Pied de la Tour Dépanneur,convenience,NA,NA,NA,NA,NA,NA,-75.7084768,45.4402136
671834590,QuicKie,convenience,NA,NA,NA,NA,NA,NA,-75.7205925,45.4370751
777473826,Loughlins Country Store,convenience,NA,NA,NA,NA,NA,NA,-75.517275,45.0610373
790302894,Quickie,convenience,NA,NA,Watters Road,915,NA,NA,-75.4755687,45.4836517
808468438,Quickie,convenience,NA,NA,Albert Street,435,NA,NA,-75.7071759,45.4171571
1027049065,Marché Roger Brazeau,convenience,NA,NA,Rue du Progrès,130,NA,J8M 1T1,-75.4935945,45.5234446
1339121925,Circle K,convenience,NA,Circle K,NA,NA,NA,NA,-76.3689672,45.4238433
1520455078,Circle K,convenience,NA,Circle K,Kakulu Road,7,NA,NA,-75.881619,45.309438
1709278902,Circle K,convenience,NA,Circle K,Highgate Road,1400,NA,NA,-75.7698355,45.348898
1725225062,Circle K,convenience,NA,Circle K,Carling Avenue,1859,NA,NA,-75.7573812,45.37645
1729086579,Circle K,convenience,NA,Circle K,Merivale Road,1025,NA,NA,-75.7328776,45.3790051
1747530574,Shell,convenience,fuel,Shell,Boulevard Maloney Ouest,620,NA,J8T 8K7,-75.6749252,45.4824094
1869446441,Dépanneur Daniel,convenience,NA,NA,NA,NA,NA,NA,-75.6084323,45.4984223
2014628785,Cedars & Co Food Market,convenience,NA,NA,Kilborn Avenue,1793,NA,NA,-75.6451832,45.3880457
2038796584,Quickie,convenience,NA,NA,Lorry Greenberg Drive,4,NA,NA,-75.6208901,45.3691568
2088038885,Circle K,convenience,NA,Circle K,Walkley Road,1420,NA,NA,-75.6536009,45.3735609
2096396271,Quickie,convenience,NA,NA,Rideaucrest Drive,5,NA,NA,-75.7226712,45.2847685
2104707519,Glebe Smoke Shop,convenience,NA,NA,Bank Street,844,NA,NA,-75.6878674,45.401847
2180623930,Quickie,convenience,NA,NA,NA,NA,NA,NA,-75.7916776,45.3629989
2447686802,Aljazeera Food Market,convenience,NA,NA,Wellington Street West,1101,NA,NA,-75.725836,45.402849
2450668997,Phuoc Loi Orient Grocery,convenience,NA,NA,Somerset Street West,791,NA,NA,-75.7103712,45.4097848
2450983254,Al Kalaa ha lal meat,convenience,NA,NA,Kirkwood Avenue,557,NA,NA,-75.7428929,45.3891574
2476976986,Circle K,convenience,NA,Circle K,Laurier Avenue East,210,NA,NA,-75.6817633,45.4256317
2488820401,Preston Food Market,convenience,NA,NA,Preston Street,71,NA,NA,-75.7147372,45.4096512
2803535883,Circle K,convenience,NA,Circle K,Franktown Road,355,Carleton Place,NA,-76.1292145,45.1306851
2806231380,Quickie,convenience,NA,NA,Stonehaven Drive,800,NA,NA,-75.8382376,45.2812989
2834732404,Dollar Store Plus,convenience,NA,NA,NA,NA,NA,NA,-76.2550536,44.9022801
2964199338,Quickie,convenience,NA,NA,Rideau Street,490,NA,NA,-75.679011,45.4313598
2964218046,Hasty Market,convenience,NA,Hasty Market,NA,NA,NA,NA,-75.6754329,45.4328675
2970906338,Zesty Market,convenience,NA,NA,Elgin Street,280,NA,NA,-75.6900501,45.4172655
2983950824,Friendly Tnh Store,convenience,NA,NA,NA,NA,NA,NA,-75.6950203,45.433652
3072787779,Canadian Tire Gas+,convenience,NA,NA,Terry Fox Drive,500,NA,K2T 1C3,-75.9167294,45.3087259
3089913768,Arum Korean Market,convenience,NA,NA,Bank Street,508,NA,K2P 1Z4,-75.6926527,45.4102614
3155032317,Quickie,convenience,NA,NA,Boulevard Maloney Est,882,NA,NA,-75.6024808,45.4868578
3194322604,Canadian Tire Gas+,convenience,NA,NA,Heron Road,1176,NA,NA,-75.6691115,45.3779839
3218075612,Dépanneur 9,convenience,NA,NA,NA,NA,NA,NA,-75.752124,45.4540744
3257543193,Quickie,convenience,NA,NA,Beechwood Avenue,64,NA,NA,-75.675087,45.4400467
3286788091,Shop N' Shop,convenience,NA,NA,McArthur Avenue,412,NA,NA,-75.6484121,45.431939
3336817827,County Line,convenience,NA,NA,St-Laurent Boulevard,1515,NA,NA,-75.6301267,45.4123877
3370435127,Quickie Convenience Store,convenience,post_office,NA,Boulevard du Mont-Bleu,207,Gatineau,J8Z 3G0,-75.7667393,45.4603905
3370435129,Spot Plus,convenience,NA,NA,Laurier Avenue West,407,NA,K1R 7Z0,-75.7028117,45.4177687
3373343631,Epicerie De La Savane,convenience,NA,NA,Chemin de la Savane,152,Gatineau,J8T 5B9,-75.6890527,45.4744743
3459766250,The Market,convenience,NA,NA,NA,NA,NA,NA,-75.1289763,44.9445488
3645234662,Mama Cora Latin Market,convenience,NA,NA,Montréal Road,272,NA,NA,-75.6598885,45.4366319
3661044098,M.Y Food Mart,convenience,NA,NA,Montréal Road,1730,NA,NA,-75.6100962,45.4456263
3666698324,votre Marché local,convenience,NA,NA,NA,NA,NA,NA,-75.7450775,45.4201397
3668935287,Circle K,convenience,NA,Circle K,Riverside Drive,3705,NA,NA,-75.6904364,45.342671
3671177076,Circle K,convenience,NA,Circle K,Bank Street,450,NA,NA,-75.6936043,45.4116358
3679082399,Dépanneur,convenience,NA,NA,NA,NA,NA,NA,-75.7726536,45.5219223
3690123497,Dépanneur Monast,convenience,NA,NA,Rue Maclaren Ouest,104,NA,J8L 1K1,-75.421267,45.586007
3690381853,Dépanneur Leduc Papineau,convenience,NA,NA,Rue Leduc,146,Gatineau,J8X 3B1,-75.718396,45.430771
3690438525,Dépanneur Laval,convenience,NA,NA,Rue Laval,163,Gatineau,J8P 5E5,-75.7152729,45.4336515
3690446086,Marché Guay,convenience,NA,NA,Rue Guay,165,NA,J8P 7T5,-75.6523733,45.4893426
3690478553,Dépanneur César,convenience,NA,NA,Boulevard Saint-Joseph,173,Gatineau,J8Y 3X1,-75.733378,45.4327764
3690557925,Dépanneur George,convenience,NA,NA,Boulevard Saint-René Ouest,219,NA,J8P 2V5,-75.6552042,45.492139
3690609281,Marché des Antilles,convenience,NA,NA,Boulevard Saint-Joseph,277,Gatineau,J8Y 3Y2,-75.7331142,45.4385422
3690618604,Marché Epicier Afro - Caraibes,convenience,NA,NA,Boulevard Saint-Joseph,283,Gatineau,J8Y 3Y2,-75.733135,45.438672
3690634880,Depanneur Cite des Jeunes,convenience,NA,NA,Rue Sauvé,300,NA,J8L 1V4,-75.400418,45.584103
3690658041,Depanneur 7 Jours,convenience,NA,NA,Rue Notre-Dame,349,Gatineau,J8P 1L3,-75.642235,45.481584
3690715164,Dépanneur Micha,convenience,NA,NA,Rue Haspect,422,NA,NA,-75.4340919,45.5795073
3690726477,Depeanneur Ti-Jean,convenience,NA,NA,Rue Dumas,46,Gatineau,NA,-75.735232,45.437497
3690734229,Couche-Tard,convenience,NA,Couche-Tard,Rue Graveline,476,NA,NA,-75.668706,45.48638
3690765587,Dépanneur,convenience,NA,NA,Rue Frontenac,55,Gatineau,J8X 1Z3,-75.718283,45.4291341
3690782879,Depanneur,convenience,NA,NA,Rue Georges-Bilodeau,4,NA,NA,-75.7480991,45.4624017
3690844190,Depanneur Palmyra,convenience,NA,NA,Rue du Couvent,72,Gatineau,J9H 3E2,-75.8455648,45.3970692
3690851161,Chez Ti-Coune,convenience,NA,NA,Rue Eddy,74,Gatineau,NA,-75.7198524,45.4272669
3690851538,Epicerie G. Isabelle,convenience,NA,NA,Rue Garneau,74,Gatineau,NA,-75.7217202,45.4310905
3690851895,Dépanneur Fred Renaud & Fils,convenience,NA,NA,Boulevard Saint-Joseph,743,Gatineau,NA,-75.742859,45.457603
3690925151,Quickie,convenience,NA,NA,Rue Du Barry,9,NA,NA,-75.7018865,45.481322
3778731923,Grab N' Eat Grocers,convenience,NA,NA,Carling Avenue,2910,NA,NA,-75.8006483,45.3566725
3898747319,Lola's Confectionery,convenience,NA,NA,Lola Street,1034,NA,K1K 3P9,-75.6525376,45.4253212
3899100119,Silver City Food Market,convenience,NA,NA,Queen Mary Street,289,NA,NA,-75.6530307,45.4252842
3981954260,GetGo,convenience,NA,NA,Ottawa Street,365,NA,NA,-76.1855509,45.2336094
4003111886,Sherwood Market & Deli,convenience,NA,NA,Sherwood Drive,111,NA,NA,-75.7134204,45.3961172
4234144689,Pronto Food Mart,convenience,NA,NA,Concession Street,NA,NA,NA,-75.3583455,45.2578088
4293264593,Aladdin Convenience & Bakery,convenience,NA,NA,Carling Avenue,1801,NA,NA,-75.7549578,45.3773913
4333120401,Eksess Store,convenience,NA,NA,Wellington Street West,1263,NA,NA,-75.7335429,45.3994988
4352999390,180 Food Market,convenience,NA,NA,Lees Avenue,180,NA,NA,-75.6706557,45.4153903
4353024190,Lees Market,convenience,NA,NA,Lees Avenue,190,NA,NA,-75.669965,45.4154044
4354056194,Afro-Caribbean Groceries,convenience,NA,NA,St-Laurent Boulevard,1739,NA,NA,-75.6260111,45.4054204
4359225689,Depanneur Deschenes,convenience,NA,NA,NA,NA,NA,NA,-75.8047416,45.3865838
4457986976,Michel's,convenience,NA,NA,Dalhousie Street,262,NA,NA,-75.6926367,45.4304879
4460675653,Blue Nile Grocery Store,convenience,NA,NA,King Edward Avenue,168,NA,NA,-75.6904053,45.4338247
4470383257,Ottawa South Groceteria,convenience,NA,NA,Sunnyside Avenue,431,NA,NA,-75.6898539,45.3917102
4497496813,Zesty Mart,convenience,NA,NA,Rideau Street,159,NA,NA,-75.6899145,45.4271759
4506648727,Millennium Convenience,convenience,NA,NA,Dalhousie Street,345,NA,NA,-75.6904697,45.4282876
4558011998,Mini Confectionary,convenience,NA,NA,NA,NA,NA,NA,-75.6615697,45.4389522
4559290208,Moussa Mini Market & Meat Shop,convenience,NA,NA,McArthur Avenue,300,NA,NA,-75.6558856,45.4314506
4571313564,Mergi Shop,convenience,NA,NA,Rideau Street,382,NA,NA,-75.6827801,45.4298215
4636656659,Thana Markets,convenience,NA,NA,Bank Street,386,NA,NA,-75.6949579,45.4135218
4653911115,Tatka,convenience,NA,NA,Robertson Road,1902,NA,NA,-75.8218614,45.3261353
4656787333,Alameh,convenience,NA,NA,Lorry Greenberg Drive,4,NA,NA,-75.6209548,45.3691183
4699096117,Dépanneur Victoria,convenience,NA,NA,Rue Victoria,283,NA,NA,-75.2406997,45.5976527
4718407144,Red Door Provisions,convenience,NA,NA,Beechwood Avenue,117,NA,NA,-75.6729786,45.4416851
4751593993,Barwaaqo Food Centre,convenience,NA,NA,Mann Avenue,109,NA,NA,-75.6723054,45.421239
4779809836,Remac,convenience,NA,NA,Cumberland Street,487,NA,NA,-75.6859647,45.4262833
4793297252,Quickie,convenience,NA,NA,Mann Avenue,118,NA,NA,-75.6719532,45.4213582
4796845723,Lyndale Corner Food Mart,convenience,NA,NA,Lyndale Avenue,60,NA,K1Y 2M8,-75.7308603,45.4071611
4797885028,Circle K,convenience,NA,Circle K,St-Laurent Boulevard,437,NA,NA,-75.6497851,45.4473795
4829296221,Depane,convenience,NA,NA,Rue Victoria,2,NA,NA,-75.7158199,45.4288208
5160966114,Dépanneur du Coin,convenience,NA,NA,NA,NA,NA,NA,-75.5625046,45.5116558
5160966438,Mini Marche,convenience,NA,NA,NA,NA,NA,NA,-75.423331,45.5742645
5162267624,Metcalfe Variety,convenience,NA,NA,Victoria Street,8196,NA,NA,-75.4744278,45.2349589
5204370623,Circle K,convenience,NA,Circle K,Elgin Street,160,NA,NA,-75.6942367,45.419511
5240421114,Circle K,convenience,NA,Circle K,Merivale Road,1584,NA,NA,-75.7335904,45.3501208
5298589082,Quickie,convenience,NA,NA,Boulevard Louise-Campagna,2,NA,NA,-75.7629083,45.430463
5419261568,Circle K,convenience,NA,Circle K,Teron Road,1031,NA,NA,-75.9003648,45.3305716
5424673354,Circle K,convenience,NA,Circle K,Arch Street,2213,NA,NA,-75.6303482,45.3895296
5444227823,Hung Pat Grocery,convenience,NA,NA,Rochester Street,139,NA,NA,-75.7116826,45.4088482
5444253033,By Grace Food Market,convenience,NA,NA,Montréal Road,183,NA,NA,-75.6640968,45.4352401
5512722886,Divisoria Market 2.0,convenience,NA,NA,Carling Avenue,1743,NA,NA,-75.7527152,45.3782255
5541426830,Seoul Mart,convenience,NA,NA,Pretoria Avenue,22,NA,NA,-75.685284,45.4102893
5544006450,Seaway Store,convenience,NA,NA,NA,NA,NA,NA,-75.6102423,45.4186597
5597089090,Seven Convenience,convenience,NA,NA,Elgin Street,475,NA,NA,-75.6854032,45.4127458
5606069126,MF Food Mart,convenience,NA,NA,Carling Avenue,2914,NA,NA,-75.8008334,45.3565888
5616186716,Big Joe's Convenience,convenience,NA,NA,Baseline Road,2529,NA,NA,-75.7854027,45.3424069
5622497606,Henry's,convenience,NA,NA,Colonel By Drive,1125,NA,NA,-75.6981182,45.3834789
5631506335,Circle K,convenience,NA,Circle K,Montréal Road,120,NA,NA,-75.666039,45.4340566
5667233867,Super Food Market,convenience,NA,NA,Montréal Road,217,NA,NA,-75.6629832,45.4356779
5667233875,Kabul Food Market,convenience,NA,NA,Montréal Road,355,NA,NA,-75.6549017,45.4387605
5668279500,Slater Street Market,convenience,NA,NA,Laurier Avenue West,427,NA,NA,-75.7032403,45.4176521
5680804053,Domestic Foods,convenience,NA,NA,Gladstone Avenue,595,NA,K1R 5P2,-75.7010961,45.4091686
5689366233,Al Basha,convenience,NA,NA,St. Joseph Boulevard,2434,NA,NA,-75.5277792,45.4690445
5699786528,M&J Tropical,convenience,NA,NA,Clyde Avenue,1383,NA,NA,-75.7378283,45.3598258
5732379447,Cosmo Mart,convenience,NA,NA,Lees Avenue,170,NA,NA,-75.6719482,45.4150827
5732910951,AAA Meat Market & Groceries,convenience,NA,NA,Uplands Drive,3615,NA,NA,-75.6640367,45.3425917
5739418236,Bambeeno's Tuckshop,convenience,NA,NA,Riverside Drive,2201,NA,NA,-75.6746475,45.3883128
5739855485,Desi Price Club,convenience,NA,NA,Merivale Road,1950,NA,NA,-75.7200024,45.3263603
5758906212,Quickie,convenience,NA,NA,Donald Street,431,NA,NA,-75.6493168,45.428446
5759239494,Circle K,convenience,NA,Circle K,Moodie Drive,418,NA,NA,-75.8332043,45.3209498
5777078829,Uncle Ali's Super Market,convenience,NA,NA,Carling Avenue,3059,NA,NA,-75.8073378,45.3546144
5777078830,South Asian Supermarket,convenience,NA,NA,Carling Avenue,3059,NA,NA,-75.807268,45.3545108
5777078846,Damas Supermarket,convenience,NA,NA,Carling Avenue,3033,NA,NA,-75.8063138,45.3550074
5798967023,Shafie Food Centre,convenience,NA,NA,Russell Road,1990,NA,NA,-75.6240276,45.4007448
5799929175,Maurice Convenience Store,convenience,NA,NA,Frobisher Lane,1755,NA,NA,-75.6651193,45.4021688
5808171271,On the Run,convenience,NA,On the Run,County Road 31,2140,NA,NA,-75.3778853,45.0883775
5815813983,Oops! Express,convenience,NA,NA,Innes Road,4042,NA,NA,-75.5050065,45.4550551
5825966866,Quickie,convenience,NA,NA,Bank Street,322,NA,K2P 1X0,-75.6954987,45.4141177
5836676604,Lim Bangkok Grocery,convenience,NA,NA,Somerset Street West,794,NA,NA,-75.710167,45.4095911
5836744302,Yi Chang Tang,convenience,NA,NA,Somerset Street West,685,NA,NA,-75.7062238,45.4113699
5836744321,Shiraz Market,convenience,NA,NA,Somerset Street West,725,NA,NA,-75.7084759,45.4105856
5838318137,Royal Variety Convenience,convenience,NA,NA,Bank Street,260,NA,NA,-75.6971452,45.4160888
5862294048,Roma Confectionary,convenience,NA,NA,Rochester Street,258,NA,NA,-75.7103585,45.406006
5862482941,M & D Food Mart,convenience,NA,NA,NA,NA,NA,NA,-75.6402469,45.4428208
5866219391,Pronto Food Mart,convenience,NA,NA,Canotek Road,5303,NA,NA,-75.5890958,45.4526651
5868793692,Quickie,convenience,NA,NA,Elgin Street,348,NA,NA,-75.6886976,45.4157117
5888798674,"""Du Project"" Convenience Store",convenience,NA,NA,Notre Dame Street,829,NA,NA,-75.2955461,45.2692582
5888865467,Pierre & Fils Dépanneur,convenience,NA,NA,Notre Dame Street,953,NA,NA,-75.2829444,45.2720108
5897278842,Maya Market,convenience,NA,NA,Norice Street,197,NA,NA,-75.753992,45.3396516
5910591574,St. Charles Food Market,convenience,NA,NA,NA,NA,NA,NA,-75.6722154,45.4395528
5912767332,Quickie,convenience,NA,NA,Rue Front,117,NA,NA,-75.8553614,45.4044115
5929771873,For the Road,convenience,NA,NA,NA,NA,NA,NA,-76.3772844,45.4187096
5939864440,Alta Juba Supermarket,convenience,NA,NA,Albion Road North,2925,NA,NA,-75.6536874,45.373315
5941699913,The Cove Tuck Shop,convenience,NA,NA,Albert Street,350,NA,NA,-75.7034692,45.4183735
5941722845,Ceci Cela,convenience,NA,NA,O'Connor Street,50,NA,NA,-75.6990033,45.4207315
5959563716,Village Food Mart,convenience,NA,NA,NA,NA,NA,NA,-75.2520078,45.3293388
5960587138,Shell Select,convenience,NA,Shell Select,St. Joseph Boulevard,2975,NA,NA,-75.5165836,45.4759917
5961954865,Rhema's,convenience,NA,NA,Innes Road,4380,NA,NA,-75.4901491,45.4599002
5965405506,Esso,convenience,NA,Esso,Donald Street,455,NA,NA,-75.6479395,45.4286728
5969699349,Sprint Snacks,convenience,NA,NA,Wilbrod Street,304,NA,NA,-75.6804793,45.4274851
5975908733,Cheney Mini Mart,convenience,NA,NA,NA,NA,NA,NA,-75.2427824,45.4113449
5982152910,Caribbean Service,convenience,NA,NA,Montréal Road,385,NA,NA,-75.6541813,45.4388581
5994231113,All Africa Market,convenience,NA,NA,McArthur Avenue,411,NA,NA,-75.648431,45.4322775
5995855504,Win Tai Market,convenience,NA,NA,Ogilvie Road,1137,NA,NA,-75.6310643,45.4267349
6006237116,Get Go,convenience,NA,NA,Merivale Road,1944,NA,NA,-75.7201532,45.3269746
6015834720,Mercado Latino,convenience,NA,NA,Montréal Road,67,NA,NA,-75.6680359,45.4337197
6032398357,Circle K,convenience,NA,Circle K,March Road,479,NA,NA,-75.9168658,45.3421044
6034633380,Around the Corner,convenience,NA,NA,Albert Street,130,NA,NA,-75.6971942,45.4210224
6040662305,Discount Tobacco and Grocery Shop,convenience,NA,NA,Manotick Main Street,5646,NA,NA,-75.6767799,45.2201437
6065306257,Dépanneur Beau-Soir,convenience,NA,NA,NA,NA,NA,NA,-75.7715423,45.4650529
6067392230,Marche Afrique,convenience,NA,NA,Rue Georges-Bilodeau,4,NA,NA,-75.7481052,45.4624597
6067392251,Quickie,convenience,NA,NA,NA,NA,NA,NA,-75.7466466,45.4624857
6077224805,ABC Convenience Store,convenience,NA,NA,Frobisher Lane,1785,NA,NA,-75.6654878,45.4012354
6100578089,Wix Mart,convenience,NA,NA,Nicholas Street,1,NA,NA,-75.6901065,45.4265137
6114108745,Matar Food Centre,convenience,NA,NA,Albion Road South,3515,NA,NA,-75.6428627,45.3543647
6129448218,Neighbours Coffee,convenience,NA,NA,Carp Road,1179,NA,NA,-75.9379922,45.2678287
6154404890,JJ's Market,convenience,NA,NA,Laurier Avenue West,380,NA,NA,-75.7009332,45.4176157
6154404894,INS Market,convenience,NA,NA,Slater Street,300,NA,NA,-75.7009104,45.4183368
6187041119,The Old General Store,convenience,NA,NA,Queen Street,5,NA,NA,-75.1529769,45.2186257
6281603366,Quickie,convenience,NA,NA,Boulevard Gréber,108,NA,NA,-75.7008861,45.4664524
6286413878,Dépanneur Karilyn,convenience,NA,NA,Rue Main,392,NA,NA,-75.6517703,45.4918501
6361519828,Bienvenidos Latin Market,convenience,NA,NA,St-Laurent Boulevard,1711,NA,K1G 3V4,-75.6263648,45.4062649
6381230304,Dépanneur 172 Dollard,convenience,NA,NA,Rue Dollard-des-Ormeaux,172,NA,NA,-75.7128838,45.4358649
6386214183,Marche Monette,convenience,NA,NA,Rue Eddy,124,NA,NA,-75.7200272,45.4290606
6386214744,Epicerie Kesso,convenience,NA,NA,Rue Eddy,185,NA,NA,-75.7205173,45.431331900000004
6386265342,Dépanneur Los Andes,convenience,NA,NA,Rue Eddy,107,NA,NA,-75.7202089,45.4284037
6412767555,Circle K,convenience,NA,Circle K,NA,NA,NA,NA,-75.6876388,45.4144761
6427109846,BMC Grace,convenience,NA,NA,Boulevard Gréber,370,NA,NA,-75.7018854,45.4804931
6427109879,Couche-Tard,convenience,NA,NA,Rue d'Orléans,4,NA,NA,-75.7011357,45.4811043
6427128834,Bonisoir,convenience,NA,NA,Boulevard de la Gappe,225,NA,NA,-75.7083575,45.4756005
6427128863,Couche-Tard,convenience,NA,NA,Rue Du Barry,35,NA,NA,-75.7051188,45.4810949
6428368570,La Tabagie Riviera,convenience,NA,NA,Rue des Flandres,22,NA,NA,-75.7181381,45.4709606
6428524491,Petro-Canada,convenience,NA,Petro-Canada,Carbrooke Street,7,NA,K2L 1B1,-75.8791841,45.3022743
6463073844,Depanneur Tache,convenience,NA,NA,Boulevard Alexandre-Taché,390,NA,NA,-75.7459293,45.4219802
6464895589,Ste-Anne Convenience,convenience,NA,NA,Shakespeare Street,308,NA,NA,-75.6592165,45.4395566
6465066684,La Palmeraie,convenience,NA,NA,Boulevard Saint-Joseph,277,NA,NA,-75.7331063,45.4384866
6475698939,C-Store,convenience,NA,NA,Perth Street,5925,NA,NA,-75.8297034,45.2008742
6579336679,Depanneau Miron,convenience,NA,NA,Route 500 West,2222,NA,NA,-75.2283521,45.2909523
6591809189,New Middleast Market,convenience,NA,NA,Bank Street,1753,NA,NA,-75.6644742,45.3736971
6600803999,Epicerie Lemieux,convenience,NA,NA,NA,NA,NA,NA,-75.2802368,45.5541574
6613921635,Nicholls General Store,convenience,NA,NA,NA,NA,NA,NA,-76.0742178,45.4627802
6630164154,Africana Marche Tropical,convenience,NA,NA,Rue de l'Atmosphère,195,NA,NA,-75.7846704,45.4381535
6640598956,Marché de la Place,convenience,NA,NA,NA,NA,NA,NA,-75.1254017,45.5730124
6648386632,Snack Express,convenience,NA,NA,NA,NA,NA,NA,-76.1210335,45.1323432
6650064503,Dépanneur Le Spot,convenience,NA,NA,NA,NA,NA,NA,-75.4304162,45.5424355
6651660199,Maple Leaf Dairy,convenience,NA,NA,NA,NA,NA,NA,-76.1486857,45.1421166
6680785257,Depanneur Proprio,convenience,NA,NA,Boulevard Saint-René Est,411,NA,NA,-75.6407753,45.4933938
6718724696,Mike's Corner Store,convenience,NA,NA,Elm Street,44,NA,NA,-75.7125668,45.4102995
6719059046,L'Arret,convenience,NA,NA,NA,NA,NA,NA,-75.7128395,45.4279623
6719059063,La Difference,convenience,NA,NA,NA,NA,NA,NA,-75.7134457,45.4254822
6720239433,Depanneur Principal,convenience,NA,NA,NA,NA,NA,NA,-75.4168244,45.588933
6721887733,Neigbbours Coffee,convenience,NA,NA,Innes Road,2630,NA,NA,-75.5639572,45.4314591
6721899494,Depanneur General De Luskville,convenience,NA,NA,NA,NA,NA,NA,-76.0198834,45.5386063
6744498907,Bytown Marche,convenience,NA,NA,NA,NA,NA,NA,-75.6671069,45.3227142
6760284828,Snack Express,convenience,NA,NA,NA,NA,NA,NA,-75.6442642,45.4416015
6762909955,Depanneur Proprio,convenience,NA,NA,NA,NA,NA,NA,-75.7400796,45.4532667
6762916759,Depanneur du Casino,convenience,NA,NA,NA,NA,NA,NA,-75.7397317,45.4472804
6960179377,PJ's Convenience Store,convenience,NA,NA,NA,NA,NA,NA,-76.2425074,44.8939198
6961207403,Almonte Grocery,convenience,NA,NA,Christian Street,234,NA,NA,-76.2048103,45.2207162
7037432365,Couche-Tard,convenience,NA,Couche-Tard,NA,NA,NA,NA,-75.6963453,45.4960918
7126174098,Nick's General Store,convenience,NA,NA,NA,NA,NA,NA,-75.5741178,45.2859645
7167108628,Vanier Foodmart,convenience,NA,NA,Lavergne Street,101,NA,NA,-75.6651673,45.4431504
7752634551,Barada Mart,convenience,NA,NA,NA,NA,NA,NA,-75.5922656,45.3190177
7961528864,NU Grocery,convenience,NA,NA,Main Street,143,NA,NA,-75.6783544,45.4101389
7974969758,A2Z Convenience,convenience,NA,NA,NA,NA,NA,NA,-75.745673300000007,45.2853261
8481187450,Nick's,convenience,NA,NA,NA,NA,NA,NA,-75.4008356,44.9032277
9046464760,Easyday Convenience,convenience,NA,NA,Hawthorne Road,3500,NA,NA,-75.5981414,45.3744007
9072207367,Dépanneur 10-10,convenience,NA,NA,NA,NA,NA,NA,-75.2420503,45.6016248
9161609933,Corner Store & More,convenience,NA,NA,County Road 20,2110,NA,NA,-75.6121129,44.9337242
9197565776,Circle K,convenience,NA,Circle K,NA,NA,NA,NA,-75.8570885,45.2705619
9297665842,Exotic Bottega,convenience,NA,NA,Murray Street,100,NA,NA,-75.6933578,45.4296566
9593097027,Couche-Tard,convenience,NA,Couche-Tard,Rue de Cannes,245,NA,NA,-75.7238085,45.4895472
9634708667,Depanneur Agora,convenience,NA,NA,Allée de Hambourg,35,NA,NA,-75.7989027,45.4337977
9773968827,New Olympia Market Centre,convenience,NA,NA,Gladstone Avenue,590,NA,NA,-75.7008076,45.4090101
10000718590,Food Frenz,convenience,NA,NA,Laurier Avenue East,275,NA,NA,-75.6801085,45.4267597
10712793713,Safi Fine Foods,convenience,NA,NA,Somerset Street East,296,NA,NA,-75.6758211,45.4237599
10713275531,Istanbul Food Market,convenience,NA,NA,NA,NA,NA,NA,-75.5892457,45.4484453
10713384724,Lunar Supermarket,convenience,NA,NA,Cyrville Road,1669,NA,NA,-75.6080275,45.4182283
10747336663,Indian Supermarket,convenience,NA,NA,Merivale Road,1547,NA,NA,-75.7347949,45.3543668
10922661358,Morrocan Market Centre,convenience,NA,NA,Carling Avenue,2249,NA,NA,-75.7742297,45.3692075
11005754212,Sulvercity Food Market,convenience,NA,NA,NA,NA,NA,NA,-75.733296,45.4093591
55411108,Couche-Tard,convenience,NA,Couche-Tard,Boulevard Fournier,51,Gatineau,NA,-75.71319048776418,45.446398817569246
60194151,Quickie,convenience,NA,NA,Boulevard Alexandre-Taché,487,Gatineau,NA,-75.75273161262434,45.42011471906463
68607639,Circle K,convenience,NA,Circle K,St. Joseph Boulevard,1980,NA,NA,-75.54060140161359,45.46345952072214
68608984,Spice Divine,convenience,NA,NA,Merivale Road,1541,NA,NA,-75.73484845972263,45.355661986408045
68609281,Couche-Tard,convenience,NA,NA,Boulevard Wilfrid-Lavigne,790,NA,J9J 2S5,-75.83844012031598,45.41111487908785
90898466,Couche-Tard,convenience,NA,Couche-Tard,Boulevard Saint-Raymond,265,Gatineau,J9A 3G6,-75.76111085057425,45.42701499909341
95742157,Super Soir,convenience,NA,NA,NA,NA,NA,NA,-75.40720880105881,45.575358749508894
104202582,Couche-Tard,convenience,NA,Couche-Tard,Rue de Neuville,1225,Gatineau,J8M 1W2,-75.49606217287165,45.53103663783569
104508144,Dépanneur Hanson,convenience,NA,NA,Rue Hanson,46,Gatineau,NA,-75.72711623414462,45.42755341643144
117388342,Couche-Tard,convenience,NA,Couche-Tard,Rue Daniel-Johnson,9,Gatineau,NA,-75.74761140007355,45.46254800028656
129435333,La Tiendita,convenience,NA,NA,Merivale Road,848,NA,NA,-75.73262562399012,45.38536847379253
129435341,MF Foodmart,convenience,NA,NA,Merivale Road,848,NA,NA,-75.73266847484076,45.38526149345367
132374605,Super Relais,convenience,NA,NA,Boulevard Saint-Raymond,210,Gatineau,J9A 3H6,-75.76643664115724,45.43639525405029
139560476,Le Quick Pick,convenience,NA,NA,Rue Laval,71,Gatineau,J8X 3H2,-75.71632110773479,45.42782480406441
147434968,Quickie,convenience,NA,NA,Richmond Road,1386,NA,NA,-75.78777675526459,45.365100102736235
152493244,Circle K,convenience,NA,Circle K,Rideau Street,333,NA,NA,-75.68438924735153,45.429678671863385
153104004,Circle K,convenience,NA,Circle K,Richmond Road,256,NA,NA,-75.75037335027683,45.39338695196567
155174937,Neighbours Coffee,convenience,NA,NA,Parkdale Avenue,390,NA,K1Y 1G6,-75.72963078765372,45.4009066330994
160942065,King Confectionary,convenience,NA,NA,Shillington Avenue,1224,NA,K1Z 7Z4,-75.72833897293103,45.38057261477981
161918353,Depanneur John,convenience,NA,NA,Chemin Vanier,54,Gatineau,NA,-75.80510917588487,45.384013855795935
161998604,Marche Tropical Soko,convenience,NA,NA,Boulevard Alexandre-Taché,479,Gatineau,NA,-75.75173183781808,45.420248258688595
162115449,Epicerie Laberge,convenience,NA,NA,Boulevard Alexandre-Taché,260,NA,J9A 1L5,-75.73711417538952,45.423221427975804
162893810,Couche-Tard,convenience,NA,Couche-Tard,Rue des Fleurs,117,NA,J8R 1L7,-75.608732796077,45.50692520165469
162977783,Shell Select,convenience,NA,Shell Select,March Road,720,NA,NA,-75.92628285638446,45.35103038399753
163144059,Couche-Tard,convenience,NA,Couche-Tard,Boulevard Saint-René Ouest,882,NA,NA,-75.68915967652445,45.48914304786912
166975251,Super Relais,convenience,NA,NA,Montée Paiement,395,NA,J8P 6M7,-75.67629212814326,45.490105179229126
168259540,Voisin,convenience,NA,NA,Chemin Vanier,420,Gatineau,NA,-75.80929465210686,45.41457065033277
174189492,Depanneur Du Pontiac,convenience,NA,NA,Route 148,3229,NA,NA,-76.09962802685862,45.551848255499166
175675241,Shell Select,convenience,NA,Shell Select,Prince Of Wales Drive,1440,NA,NA,-75.70175680210102,45.368486801962476
176375131,Neighbours Coffee,convenience,NA,NA,Boundary Road,5336,NA,NA,-75.443762969608,45.344890159784875
190507627,Petro-Canada,convenience,NA,Petro-Canada,Terry Fox Drive,570,NA,NA,-75.91563327005883,45.30803878988576
191989049,MacEwen,convenience,NA,NA,Albion Road,5546,NA,K1X 1A8,-75.59481589072915,45.26984072163756
192139910,Quickie,convenience,NA,NA,Caldwell Avenue,1435,NA,NA,-75.7348966383415,45.37282141590815
195438038,Circle K,convenience,NA,Circle K,Coleman Street,324,Carleton Place,K7C 4M7,-76.12789294905284,45.13961491422972
201631223,Ultramar,convenience,NA,Ultramar,Merivale Road,1543,NA,NA,-75.7354151974235,45.35497905197816
220466537,Beckwith Convenience,convenience,NA,NA,Highway 15,7096,NA,NA,-76.10524363888834,45.10689549784593
223407047,Barrhaven Market,convenience,NA,NA,Woodroffe Avenue,2910,NA,K2J 4G3,-75.72876861762914,45.292784638569074
223407053,Shell Select,convenience,NA,Shell Select,Woodroffe Avenue,2950,NA,K2J 4G3,-75.72831785310137,45.29158654972657
223545505,Circle K,convenience,NA,Circle K,Strandherd Drive,3580,NA,K2J 5L4,-75.73841331889733,45.2747497054285
223617890,March Convenience,convenience,NA,NA,March Road,700,NA,NA,-75.92484894427885,45.349979570028125
231284215,Shell Select,convenience,NA,Shell Select,March Road,2653,NA,K0A 1L0,-76.05045478975421,45.317555503564975
233577473,On the Run,convenience,NA,On the Run,Hazeldean Road,480,NA,NA,-75.8895713486415,45.29670530054079
233810405,Circle K,convenience,NA,Circle K,Hazeldean Road,401,NA,NA,-75.87800854051993,45.30405887043349
233810638,Shell Select,convenience,NA,Shell Select,Eagleson Road,106,NA,K2L 2P1,-75.88260891857291,45.3133265853623
233810792,Canadian Tire,convenience,NA,NA,Robertson Road,2135,NA,NA,-75.83608044704762,45.3214975815997
233902465,MacEwen,convenience,NA,NA,Carling Avenue,3420,NA,NA,-75.83551398676336,45.352011231595284
233903198,Super Stop,convenience,NA,NA,Carling Avenue,3095,NA,NA,-75.8087946282104,45.35386118652485
233903209,Manila Mart,convenience,NA,NA,Carling Avenue,2924,NA,NA,-75.8012524876452,45.35645030721365
233908920,Shell Select,convenience,NA,Shell Select,Iris Street,2770,NA,NA,-75.78823760243554,45.34751480012757
235384728,Circle K,convenience,NA,Circle K,Terry Fox Drive,501,NA,NA,-75.91871640144721,45.310155017405656
235894225,Le Magasin Général,convenience,NA,NA,Chemin d'Aylmer,548,Gatineau,J9H 1B1,-75.81135953077482,45.39817420475621
236344545,Shell Select,convenience,NA,Shell Select,Carling Avenue,1607,NA,K2A 1C4,-75.74749660813744,45.38069222279006
236799226,Circle K,convenience,NA,Circle K,Wellington Street West,1023,NA,K1Y 2Y1,-75.72402648832248,45.40481170212417
237120939,Manphong Supermarket,convenience,NA,NA,Somerset Street West,775,NA,NA,-75.70966937080577,45.410144498857605
238117483,Quickie,convenience,NA,NA,Parkdale Avenue,255,NA,NA,-75.73118466823585,45.40489441708775
238897903,Circle K,convenience,NA,Circle K,Baseline Road,1827,NA,NA,-75.75594458357587,45.3548309203659
242966119,For the Road,convenience,NA,NA,County Road 43,2955,NA,NA,-75.64001089821792,45.02886193932318
243071066,C-Store,convenience,NA,NA,County Road 43,2985,NA,NA,-75.63763807182588,45.03000865638596
244568294,Carlsbad Variety,convenience,NA,NA,Russell Road,6500,Carlsbad Springs,NA,-75.45567326364787,45.368975531864734
245475632,Circle K,convenience,NA,Circle K,Greenbank Road,299,NA,NA,-75.77736283721367,45.32379741928745
252231588,Circle K,convenience,NA,Circle K,Prince Of Wales Drive,2162,NA,NA,-75.70192426346183,45.333334233136355
258179900,Circle K,convenience,NA,Circle K,Stonehaven Drive,62,NA,NA,-75.85814330317248,45.29132112460014
261582627,Highway 7 Convenience Centre,convenience,NA,NA,Highway 7,13659,Innisville,K7C 3P1,-76.24863624946529,45.06008744824455
264973184,Franktown Grocery,convenience,NA,NA,Highway 15,9645,Franktown,K7A 4S7,-76.05936904826856,45.03876155015846
266680155,Bayscorner,convenience,NA,NA,Bay Street,245,NA,NA,-75.70405880715651,45.41547364806263
270427766,Constance Bay General Store,convenience,NA,NA,Constance Bay Road,115,NA,K0A 3M0,-76.07353443927451,45.48649645477454
275527292,Snack Express,convenience,NA,NA,Industrial Avenue,631,NA,NA,-75.64091531920644,45.41128880329512
292964980,Circle K,convenience,NA,Circle K,Bank Street,1600,NA,NA,-75.66741814879282,45.37749325043991
292975326,Alsafeer Market,convenience,NA,NA,Bank Street,1656,NA,NA,-75.66694130245327,45.376458052803116
294255662,Circle K,convenience,NA,Circle K,NA,NA,NA,NA,-75.30208730067967,45.54568549870784
294709762,B & T's Hopetown General Store,convenience,NA,NA,Highway 511,5531,Hopetown,K0G 1K0,-76.44602228243562,45.08264943507926
295278836,Express Mart,convenience,NA,NA,County Road 43,2780,Kemptville,K0G 1J0,-75.64894762146483,45.02300119687666
298459866,Depanneur Le Spot,convenience,NA,NA,Rue Principale,19 - 23,Gatineau,J9H 3K9,-75.85309063912136,45.39462627481069
301178640,Super Stop,convenience,NA,NA,Rideau Street,292,NA,K1N 5Y5,-75.68519845576168,45.42867935335678
303066995,Quickie,convenience,NA,NA,Clyde Avenue,1366,NA,NA,-75.74083011146207,45.36218231249428
303112639,Petro-Canada,convenience,NA,Petro-Canada,Fallowfield Road,3320,NA,K2J 4P5,-75.73173290650698,45.297692648504444
307235243,Quickie,convenience,NA,NA,Bank Street,1166,NA,NA,-75.68255436752499,45.39242623161467
307952112,Couche-Tard,convenience,NA,Couche-Tard,NA,NA,NA,NA,-75.6420556807306,45.50136685770123
312688856,Shell Select,convenience,NA,Shell Select,Tenth Line Road,1993,NA,NA,-75.48754969906717,45.46170229883604
313463589,Shell Select,convenience,NA,Shell Select,St-Laurent Boulevard,2232,NA,NA,-75.61841460495151,45.38905136455231
314331423,Couche-Tard,convenience,NA,Couche-Tard,Boulevard Gréber,330,NA,NA,-75.70187681941566,45.47770131323418
314351944,Couche-Tard,convenience,NA,Couche-Tard,Boulevard Maloney Est,410,NA,NA,-75.63923584929252,45.484218548960826
314352297,Quickie,convenience,NA,NA,Boulevard Maloney Est,151,NA,J8P 1B9,-75.65063912174581,45.48409202618224
315560794,Greely Convenience Store,convenience,NA,NA,Meadow Drive,1341,NA,K4P 1N3,-75.56219204963936,45.26544375107207
316851253,Ainee's Convenience Store,convenience,NA,NA,Pleasant Park Road,1016,NA,NA,-75.62240275081504,45.39518300027191
320142633,Depanneur du Coin,convenience,NA,NA,Montée Paiement,700,NA,J8R 1L3,-75.67602426027236,45.50237858939346
320308112,Circle K,convenience,NA,Circle K,NA,NA,NA,NA,-76.19506834741993,45.224327399517215
321457835,Clayton General Store,convenience,NA,NA,Tatlock Road,2862,Clayton,K0A 1P0,-76.32657520182698,45.191783899868305
321903569,Circle K,convenience,NA,Circle K,McArthur Avenue,313,NA,NA,-75.65503250039949,45.43192860023917
326305289,Dépanneur Marcotte,convenience,NA,NA,NA,NA,NA,NA,-76.22976696468916,45.52096247005903
328863854,Depanneur Sharon,convenience,NA,NA,Boulevard de Lucerne,15,Gatineau,J9H 1L8,-75.80756339609472,45.385951453008566
329505239,Shell Select,convenience,NA,Shell Select,NA,NA,NA,NA,-75.73627479669534,45.35421809934217
330060989,Quickie,convenience,NA,NA,NA,NA,NA,J8V 1J2,-75.74631245336144,45.48889019031371
335167304,Circle K,convenience,NA,Circle K,Jeanne-d'Arc Boulevard North,6469,NA,NA,-75.53744048893905,45.47932639077656
335825796,Super Stop,convenience,NA,NA,St-Laurent Boulevard,1007,NA,NA,-75.63900752045659,45.42847666753788
346402080,Corner Store,convenience,NA,NA,Trim Road,1985,NA,K4A 4R7,-75.4540095106396,45.471338803497304
358272215,Exotiques Muncheez,convenience,NA,NA,Boulevard Gréber,35,Gatineau,J8T 3P4,-75.69949361789591,45.46000849701787
360539865,Dépanneur Généreux,convenience,NA,NA,Rue Généreux,428,NA,NA,-75.66950643322225,45.492993929459395
362410214,Circle K,convenience,NA,Circle K,Montréal Road,598,NA,NA,-75.6428772999854,45.44209175050485
364395484,Dépanneur Séguin,convenience,NA,NA,Rue Saint-Louis,903,Gatineau,NA,-75.68801781202589,45.46703515202836
364536537,Epicerie Robert,convenience,NA,NA,Chemin de la Savane,193,Gatineau,J8T 1R2,-75.68271926904747,45.47530684594756
367700122,Heritage Express,convenience,NA,NA,Laurier Street,2749,NA,K4K 1A3,-75.30064643842367,45.541298165456695
367711859,Midori,convenience,NA,NA,Colonial Road,2950,NA,NA,-75.34333829859733,45.442421400145925
367837008,Centre Des Aubaines,convenience,NA,NA,Rue Brébeuf,416,NA,NA,-75.65842606814276,45.49215342271191
367865986,Marche Express,convenience,NA,NA,Boulevard Saint-René Ouest,253,NA,J8P 2X4,-75.65728274929194,45.49204884899352
397018250,Super Stop,convenience,NA,NA,Woodroffe Avenue,1431,NA,NA,-75.7562184385607,45.34261981572411
410963612,Quickie,convenience,NA,NA,Bell Street North,163,NA,NA,-75.70566128312028,45.40672526564583
413948119,Dépanneur de Hull,convenience,NA,NA,Rue Laval,172,Gatineau,J8X 3J4,-75.71477937512054,45.43429731428969
413958875,On the Run,convenience,NA,On the Run,Boulevard Saint-Joseph,510,NA,NA,-75.7336214388468,45.448503305603936
422903530,Super Stop,convenience,NA,NA,Fallowfield Road,3766,NA,K2J 1A1,-75.7571952005875,45.28727261100565
427794778,dépanneur Jack C Line,convenience,NA,NA,Rue Laramée,301,NA,NA,-75.73852153162346,45.43179956078003
427842970,Dépanneur le Balladeur,convenience,NA,NA,Rue Demontigny,5,Gatineau,NA,-75.73648284490561,45.43024748169684
428089567,Petit Marche Baraka,convenience,NA,NA,Boulevard Saint-Joseph,96,Gatineau,NA,-75.73316332666545,45.42948281574402
428195977,Marche Tropical Soko,convenience,NA,NA,Boulevard Saint-Joseph,184,Gatineau,J8Y 3W9,-75.73295569046626,45.43324569560345
429408970,Mulligan's Grocery,convenience,NA,NA,Andrew Street,2321,NA,K0A 2T0,-75.71641172107344,45.132484722067986
432284763,Canadian Tire Gas+,convenience,NA,NA,Tenth Line Road,1775,NA,NA,-75.49090985233347,45.46736849961373
447277088,Super Stop,convenience,NA,Petro-Canada,Riverside Drive,4000,NA,K1V 2E8,-75.69399656371837,45.333696903595545
447587621,Corner Store,convenience,NA,NA,Hawthorne Road,3199,NA,NA,-75.60149375076432,45.383026374961325
450842105,J.T. Bradley's,convenience,NA,NA,NA,NA,NA,NA,-75.42530192532351,45.42162629800354
452570668,Shell Select,convenience,NA,Shell Select,Carp Road,2145,NA,NA,-75.95540555047695,45.27919766958861
452580562,County Line,convenience,NA,NA,NA,NA,NA,NA,-76.34338845259519,45.4333140491952
453786448,Dépanneur Loyer,convenience,NA,NA,Rue Garneau,12,Gatineau,J8T 5J2,-75.7256579878508,45.4309167144043
454411101,Couche-Tard,convenience,NA,Couche-Tard,Rue Davidson Ouest,725,NA,J8R 2T1,-75.67641101990982,45.50541487571983
454736262,Esso,convenience,NA,Esso,Rockdale Road,6175,NA,K0A 3H0,-75.34386319408338,45.340574172682096
454736265,C-Store,convenience,NA,NA,St Guillaume Road,104,Vars,K0A 3H0,-75.34632944927903,45.33080889803837
454736266,Express Mart,convenience,NA,NA,Burton Road,992,Vars,K0A 3H0,-75.34647109969656,45.33120764848823
460208901,Quickie,convenience,NA,NA,Somerset Street East,287,NA,K1N 6V7,-75.67657952660285,45.42377156459384
460440193,C-Store,convenience,NA,NA,Bank Street,512,NA,NA,-75.6926288078129,45.40975201820926
461188306,Couche-Tard,convenience,NA,Couche-Tard,NA,NA,NA,NA,-75.78641033222833,45.443482279280325
462110500,Couche-Tard,convenience,NA,Couche-Tard,Rue Saint-Rédempteur,190,Gatineau,J8X 2S9,-75.72147318108253,45.43271224962176
462637842,Couche-Tard,convenience,NA,Couche-Tard,Chemin Vanier,465,Gatineau,NA,-75.80855877649837,45.416714948142086
462790307,Depanneur Abes,convenience,NA,NA,Chemin Vanier,380,Gatineau,J9J 3H8,-75.80911491185591,45.41268902679417
463498951,Depanneur Rapide,convenience,NA,NA,Rue Front,43,Gatineau,NA,-75.85524447426799,45.397971840343196
464640503,Mario's Food Centre,convenience,NA,NA,McArthur Avenue,381,NA,NA,-75.65050449842671,45.43230029905098
464640504,MC Halal Grocery,convenience,NA,NA,McArthur Avenue,379,NA,NA,-75.6505719242074,45.43229542510949
465395832,Dépanneur Super 7,convenience,NA,NA,NA,NA,NA,NA,-75.41210298890161,45.58161184034516
465694087,Crevier Express,convenience,NA,NA,Rue Georges,187,NA,J8M 1T6,-75.42810819231242,45.56164808671086
466095107,Depanneur Pelletier,convenience,NA,NA,Boulevard Maloney Est,1158,Gatineau,J8P 1H9,-75.58524638991108,45.49267938120912
466423140,Centre Des Aubaines,convenience,NA,NA,Rue de la Gare,3,NA,J8M 1B2,-75.42052654689567,45.546927430964764
466435317,Couche-Tard,convenience,NA,Couche-Tard,Rue Georges,101,NA,J8M 1A2,-75.43646949932813,45.55431915067946
467212807,Ultramar,convenience,fuel,Ultramar,NA,NA,NA,NA,-75.85697200538543,45.40869800005272
468475851,Couche-Tard,convenience,NA,Couche-Tard,Boulevard Maloney Est,1545,Gatineau,J8P 1J7,-75.56938789607732,45.49970485117487
469683636,Carp Foodliner,convenience,NA,NA,Carp Road,3744,NA,NA,-76.0359331733071,45.34489079777405
469754889,Raymonds,convenience,NA,NA,Osgoode Main Street,5566,NA,K0A 2W0,-75.60655618206827,45.14569920639821
469765250,Pats,convenience,NA,NA,Osgoode Main Street,5531,NA,NA,-75.60872384176832,45.14516507144527
469799297,Circle K,convenience,NA,Circle K,Perth Street,6138,NA,NA,-75.83901382153505,45.19385989824654
469977705,Dave's,convenience,NA,NA,Dunrobin Road,1794,NA,K2K 1X7,-75.96937165309491,45.38323244999717
470425167,Quickie,convenience,NA,NA,Cedarview Road,3023,NA,K2J 4A8,-75.77161353977505,45.266350837927966
470443534,Neighbours Coffee,convenience,NA,Petro-Canada,Strandherd Drive,3775 C,NA,K2J 4B1,-75.75054886985794,45.26847846072443
470443768,Canadian Tire Gas+,convenience,NA,NA,Greenbank Road,2201,NA,K2J 4Y6,-75.7467034854354,45.2723756885467
470704866,Circle K,convenience,NA,Circle K,Tenth Line Road,2302,NA,NA,-75.48305350170469,45.45076750004712
470836205,MacEwen,convenience,NA,NA,River Road,685,NA,K1V 2G2,-75.69922380166683,45.269538662756645
471171507,Ultramar,convenience,NA,NA,Stittsville Main Street,1618,NA,NA,-75.91665879230408,45.25438782965831
471314081,Shell Select,convenience,NA,Shell Select,Prince Of Wales Drive,3190,NA,K2C 3H1,-75.70326000318933,45.28685850066695
471490857,Circle K,convenience,NA,Circle K,Hobin Street,1,NA,NA,-75.92893518225046,45.26493535293822
471675727,Circle K,convenience,NA,Circle K,Woodroffe Avenue,1545,NA,K2G 1W2,-75.75177550624595,45.334478174828014
471797664,Neighbours Coffee,convenience,NA,NA,Hazeldean Road,6061,NA,NA,-75.93093308838506,45.27270902519948
471811669,Waypoint Stittsville,convenience,NA,NA,Hazeldean Road,5899,NA,NA,-75.92089618851168,45.27790126647014
471885473,On the Run,convenience,NA,On the Run,Huntmar Drive,225,NA,NA,-75.9276006060813,45.294032469619175
471996413,Bakker's General Store,convenience,NA,NA,NA,NA,NA,NA,-75.62466717832535,45.25576154737341
472168541,Shell Select,convenience,NA,Shell Select,Merivale Road,1857,NA,K2G 1E3,-75.72365145241587,45.33547224337774
472233981,Quickie,convenience,NA,NA,Chartwell Avenue,1,NA,K2G 4C6,-75.7705428779927,45.33244407757105
472249492,Oops! Express,convenience,NA,NA,Trim Road,1270,NA,NA,-75.47986608320696,45.49074025149588
472382754,County Line,convenience,NA,NA,Bank Street,5026,NA,K1X 1G8,-75.58103385371345,45.29698834377855
472389673,Canadian Tire Gas+,convenience,NA,NA,Bank Street,4778,NA,K1T 0K8,-75.59276061664643,45.31804834054932
472422549,Circle K,convenience,NA,Circle K,Spratt Road,4184,NA,K1V 0Z6,-75.6855338871669,45.283149840791566
472638755,Stinson,convenience,NA,NA,Bank Street,4727,NA,K1T 3W7,-75.59555143826452,45.32495547099363
473049684,Snack Express,convenience,NA,NA,Bank Street,2931,NA,NA,-75.62515050287344,45.34804037136027
473202416,Super Stop,convenience,NA,NA,Innes Road,1941,NA,NA,-75.59656604266532,45.4194393357592
473202854,Circle K,convenience,NA,Circle K,Innes Road,1494,NA,NA,-75.60456020171671,45.414652585718464
473203254,Neighbours Coffee,convenience,NA,NA,Innes Road,1960,NA,NA,-75.59460798153665,45.41879081686095
473789598,Depanneur Proprio,convenience,NA,NA,Rue des Sables,126,Gatineau,J8P 7H7,-75.59215964571699,45.49558325015547
474084703,MacEwen,convenience,NA,NA,NA,NA,NA,NA,-75.8017959597051,45.268944826225194
474158744,Couche-Tard,convenience,NA,Couche-Tard,Chemin d'Aylmer,209,Gatineau,J9H 1A3,-75.83233489890321,45.396071104607856
474371231,Manor Park Grocery,convenience,NA,NA,St-Laurent Boulevard,177,NA,NA,-75.65393284339267,45.4541363898866
474903756,Shell Select,convenience,NA,Shell Select,Merivale Road,962,NA,NA,-75.73362248511117,45.381076596948034
475323679,Quickie,convenience,NA,NA,Rue Main,786,NA,NA,-75.65184846042249,45.50592981656421
476334657,Depanneur 7 Jours,convenience,NA,NA,Boulevard Labrosse,642,NA,J8R 1N2,-75.64238296891568,45.50192128143613
476679481,Depanneur Du Lac,convenience,NA,NA,Boulevard Maloney Est,758,Gatineau,NA,-75.6200521532973,45.48267673644044
476688049,Dépanneur Amigos,convenience,NA,NA,Rue Napoléon-Groulx,191,NA,J8P 4W6,-75.64470825537624,45.484037232642564
476946780,Depanneur Lauren,convenience,NA,NA,Rue Notre-Dame,515,Gatineau,NA,-75.63344056490264,45.4810062368143
477150108,Depanneur Gem,convenience,NA,NA,Boulevard Saint-Raymond,110,Gatineau,J8Y 1S9,-75.74268808371075,45.4471531708498
477150272,Depanneur du Coin,convenience,NA,NA,Boulevard Saint-Joseph,772,Gatineau,NA,-75.74084931543928,45.45985062111036
477199379,Couche-Tard,convenience,NA,NA,Boulevard des Hautes-Plaines,725,Gatineau,NA,-75.77206391090908,45.47446313787397
477886726,Dépanneur Chénier & Frères,convenience,NA,NA,Rue de Notre-Dame-de-l'Île,221,Gatineau,J8X 3T7,-75.71073928642382,45.433631498663345
478521037,Super Stop,convenience,NA,NA,Woodroffe Avenue,3300,NA,K2J 4G5,-75.71963906979722,45.27590204020838
478631226,Fresh Grocer,convenience,NA,NA,Jolliet Avenue,40,NA,NA,-75.66872723691343,45.443150909467526
478750900,Nasa Food Centre,convenience,NA,NA,Woodroffe Avenue,3050,NA,K2J 4G3,-75.724288960245,45.28453214379132
478970229,Quickie,convenience,NA,NA,Jockvale Road,2201,NA,K2J 4J9,-75.77712025890546,45.27551193838963
478977109,Afri Market Place,convenience,NA,NA,Greenbank Road,808,NA,NA,-75.75664286414673,45.28679461208383
479191261,Circle K,convenience,NA,NA,Tartan Drive,1,NA,K2J 2W7,-75.75393245999454,45.270012581780215
479507035,Hogan's Food Store,convenience,NA,NA,Powell Avenue,315,NA,NA,-75.70170100810476,45.40220899958052
479507083,Abbas Grocery,convenience,NA,NA,Bell Street South,344,NA,NA,-75.70337158588903,45.40207401164883
479507262,Quickie,convenience,NA,NA,Bronson Avenue,655,NA,NA,-75.70081154595327,45.40343688984183
479797570,OConnor Confectionary,convenience,NA,NA,Third Avenue,41,NA,NA,-75.68479480029468,45.40466156753713
480204371,Smokwana Convenience Store,convenience,NA,NA,Olmstead Street,354,NA,NA,-75.66087003513574,45.43211446539534
480204841,La Colonia Grocery,convenience,NA,NA,Richelieu Avenue,345,NA,NA,-75.65497425924768,45.435477958805244
480345505,Snack Express,convenience,NA,NA,NA,NA,NA,NA,-75.6311494169381,45.42603449848761
481354279,Circle K,convenience,NA,Circle K,Montréal Road,395,NA,NA,-75.65411084263734,45.43906650552469
481375311,Afro-Carib Grocery,convenience,NA,NA,Palace Street,291,NA,NA,-75.66674572505751,45.43342843571005
481479000,Corner Store,convenience,NA,NA,Hunt Club Road,1661,NA,NA,-75.63137142219597,45.360582307848375
481482488,Corner Store,convenience,NA,NA,March Road,401,NA,NA,-75.91159165622878,45.33757317831437
481677578,Dixie Dairy,convenience,NA,NA,Main Street,99,NA,NA,-75.67911055147505,45.411640954354986
481890214,Neighbours Coffee,convenience,NA,NA,Prince Of Wales Drive,1900,NA,NA,-75.70463687974008,45.353048273449986
481899062,Bells Corners Mini Mart,convenience,NA,NA,Robertson Road,2072,NA,NA,-75.83122940537594,45.32237893092417
482662338,Neighbours,convenience,NA,NA,Hunt Club Road,690,NA,NA,-75.66977499572958,45.34283791698626
482693132,Oops! Express,convenience,NA,NA,NA,NA,NA,NA,-75.61246011392967,45.43333588967879
482831442,Ozzy Food Market,convenience,NA,NA,Albion Road,3867,NA,NA,-75.63653612099071,45.343289064797496
483089760,Circle K,convenience,NA,Circle K,Bridle Path Drive,4000,NA,NA,-75.64540494587601,45.34838365317486
483105473,Circle K,convenience,NA,Circle K,Walkley Road,1970,NA,NA,-75.63071525843472,45.382962606998355
483215326,Shell Select,convenience,NA,Shell Select,Bank Street,2498,NA,NA,-75.64329769660054,45.353320937796724
483215436,Super Stop,convenience,NA,NA,Bank Street,2536,NA,NA,-75.64191750022844,45.35358350024255
483660061,Super Convenience Mart,convenience,NA,NA,Tapiola Crescent,25,NA,NA,-75.64680213300265,45.36418587016418
484009033,Circle K,convenience,NA,Circle K,Montréal Road,2075,NA,NA,-75.5939469431255,45.44801172139651
484009243,Neighbours Coffee,convenience,NA,NA,Montréal Road,2180,NA,K1J 1G4,-75.58840209629064,45.449264307149974
484079347,C-Store,convenience,NA,NA,Ogilvie Road,1111,NA,NA,-75.63234848697728,45.42633410780156
484370697,Super Stop,convenience,NA,NA,St. Joseph Boulevard,1988,NA,NA,-75.53919050129007,45.46406500034438
484530460,Circle K,convenience,NA,Circle K,Innes Road,3869,NA,NA,-75.51217856394432,45.45325272903659
484551183,Desi Food Market,convenience,NA,NA,St. Joseph Boulevard,2580,NA,NA,-75.52508484717289,45.47055207017226
484551367,On the Run,convenience,NA,On the Run,St. Joseph Boulevard,2670,NA,NA,-75.52284998395128,45.47146178669703
484645977,Quickie,convenience,NA,NA,Mccarthy Road,3332,NA,NA,-75.67027250006021,45.35087780171874
484711787,Maggy's Mart,convenience,NA,NA,Jeanne-d'Arc Boulevard North,8154,NA,NA,-75.51162374668998,45.48743693167235
484822863,Circle K,convenience,NA,Circle K,Baseline Road,780,NA,K2C 3V8,-75.71659697572048,45.370510112432754
485104024,Petro-Canada,convenience,NA,Petro-Canada,St. Joseph Boulevard,3055,NA,NA,-75.51231550012179,45.47843034302213
486775704,Quickie,convenience,NA,NA,Heron Road,1780,NA,NA,-75.63997865111052,45.380193749776
494233444,Couche-Tard,convenience,NA,NA,Boulevard Maloney Est,873,Gatineau,NA,-75.60168626516673,45.488075467391724
514266014,Circle K,convenience,NA,Circle K,Brockville Street,201,Smiths Falls,K7A 3Z3,-76.01956868675853,44.88880925432448
516203604,Corner Store,convenience,NA,NA,Limoges Road,715,Limoges,K0A 1W0,-75.24429029262437,45.31858728901416
518606249,Corner Store,convenience,NA,NA,Madawaska Boulevard,85,NA,K7S 3K1,-76.34633726432827,45.4335261349722
521285769,Oops! Express,convenience,NA,NA,Union Street,12,Smiths Falls,K7A 2G1,-76.02131033356478,44.91033073396022
521285775,Quickie,convenience,NA,NA,Beckwith Street North,110,Smiths Falls,K7A 2C3,-76.02177002861707,44.90444530270925
521310533,Circle K,convenience,NA,Circle K,NA,NA,NA,NA,-76.12343645333857,45.12934430783075
521360833,County Line,convenience,NA,NA,Wilson Street West,11,Perth,K7H 2M8,-76.2529660621324,44.901232982337596
522215329,Petro-Canada,convenience,NA,Petro-Canada,Robertson Road,1881,NA,K2H 5B7,-75.82137989769369,45.32738151114408
522215331,Neighbours Coffee,convenience,NA,NA,Eagleson Road,500,NA,NA,-75.87000238342424,45.29034207170947
522215332,Petro Serve,convenience,NA,NA,Robertson Road,2050,NA,NA,-75.8296750975218,45.32318825228154
522215335,Circle K,convenience,NA,Circle K,Robertson Road,1856,NA,K2H 5B8,-75.81974539430941,45.32713655245613
522219901,Oxford Mills General Store,convenience,NA,NA,Water Street,8,NA,NA,-75.67853899399938,44.96576542032431
522456787,Sherry's,convenience,NA,NA,County Road 31,4304,Williamsburg,K0C 2H0,-75.24455484859203,44.9754116496368
524465003,Brinston General Store,convenience,NA,NA,Brinston Road,4141,Brinston,K0E 1C0,-75.35945499415567,44.939306390800844
524484797,C-Store,convenience,NA,NA,Concession Street,1112,Russell,K4R 1C8,-75.3594004063146,45.257990118072556
525462809,Quickie,convenience,NA,NA,Bank Street,4505,NA,NA,-75.59943177239866,45.33144489325008
525462811,Drummonds,convenience,NA,NA,Merivale Road,1925,NA,K2G 1E7,-75.72052427749054,45.3296746429081
531023791,Couche-Tard,convenience,NA,Couche-Tard,Avenue Lépine,175,NA,NA,-75.40049258278721,45.57584712065268
531064349,Morrisburg Gas & Variety,convenience,NA,NA,County Road 2,12456,Morrisburg,K0C 1X0,-75.17683585948012,44.90327488060839
540602004,Circle K,convenience,NA,NA,Townline Road West,163,Carleton Place,K7C 2G1,-76.15579486609408,45.140521593343855
553246784,Sonic,convenience,fuel,Sonic,Rue Principale,228,Plaisance,J0V 1S0,-75.11984545271464,45.60556677251724
556036335,The Harbour Store,convenience,NA,NA,Fitzroy Street,2391,NA,NA,-76.21503255889706,45.471466458627376
557128321,Circle K,convenience,NA,Circle K,Manotick Main Street,5511,NA,K4M 1A7,-75.68636760176175,45.22725660102404
561087172,Food Village,convenience,NA,NA,Meadowlands Drive,888,NA,NA,-75.7023251391112,45.36692408417134
561374116,Merrickville Food Market,convenience,NA,NA,St. Lawrence Street,205,Merrickville,K0G 1N0,-75.83643682778208,44.91528602123828
563684285,Dépanneur Des Erables,convenience,NA,NA,NA,NA,NA,NA,-75.7403535251909,45.523041447196285
563684288,Dépanneur de la Montée,convenience,NA,NA,NA,NA,NA,NA,-75.71818772350788,45.57438615243337
566237533,On the Run,convenience,NA,On the Run,Hazeldean Road,5943,NA,NA,-75.923915997622,45.276055526183214
570373958,Circle K,convenience,NA,Circle K,Castlefrank Road,100,NA,NA,-75.88187744587172,45.29379621612076
574217792,Iris Food Mart,convenience,NA,NA,Cobden Road,1121,NA,NA,-75.7777625255015,45.35259569200824
575369503,Hungry Ninja,convenience,NA,NA,Merivale Road,1529,NA,NA,-75.73633316802896,45.35678795423725
578269815,Vista Min-a-Mart,convenience,NA,NA,Alta Vista Drive,1565,NA,NA,-75.65731135084661,45.40859605060362
578287133,Quickie,convenience,NA,NA,Viewmount Drive,350,NA,NA,-75.71496220121773,45.34915304954922
578296236,Hasty Market,convenience,NA,NA,Prince Of Wales Drive,1896,NA,NA,-75.70506920111873,45.353696098823235
578678057,Moe's,convenience,NA,NA,Cyrville Road,1665,NA,NA,-75.60802275405463,45.41812956376354
579318767,Hasty Market,convenience,NA,Hasty Market,Carling Avenue,2361,NA,NA,-75.77906605381162,45.367191317597864
583776638,GB Caribbean Grocery,convenience,NA,NA,Center Street,609,NA,NA,-75.64273230663402,45.441844350738855
583792602,Fresh Grocer,convenience,NA,NA,Montréal Road,876,NA,NA,-75.63055629215528,45.44565074045954
584710158,Dépanneur Jean,convenience,NA,NA,Rue Principale,200,Gatineau,J9H 6J4,-75.83453505109848,45.39453624919426
584712591,Depanneur Lavigne,convenience,NA,NA,Boulevard Wilfrid-Lavigne,420,Gatineau,NA,-75.83707607485985,45.398655057462484
587297060,Circle K,convenience,NA,Circle K,Meadowbrook Road,2063,NA,NA,-75.6013158594106,45.42743444245095
587769302,Circle K,convenience,NA,Circle K,Innes Road,2672,NA,NA,-75.5628156797556,45.431916500161215
589518829,Dépanneur du Coin,convenience,NA,NA,Boulevard des Grives,591,Gatineau,J9A 3C3,-75.78649298299516,45.44447168451852
589725367,Shell Select,convenience,NA,Shell Select,Montréal Road,1,NA,NA,-75.66972004742621,45.43333293414727
590304136,Al-Mokhtar Food Centre,convenience,NA,NA,McArthur Avenue,383,NA,NA,-75.65044330297917,45.432331909538135
593922349,Circle K,convenience,NA,NA,Hazeldean Road,500,NA,NA,-75.894187732583,45.29293499729569
593924250,Circle K,convenience,NA,Circle K,Edgewater Street,44,NA,NA,-75.90098295917177,45.29761975219086
595157916,Shell Select,convenience,NA,Shell Select,Carling Avenue,2238,NA,NA,-75.77325488813455,45.368407272235615
597844435,Pronto Food Mart,convenience,NA,NA,Innes Road,3469,NA,NA,-75.5271496227168,45.447227963522835
601149709,Lucky Dollar,convenience,NA,NA,NA,NA,NA,NA,-75.28511165241443,45.17781914901867
602785193,Magic Air Express,convenience,NA,NA,Merivale Road,1014,NA,NA,-75.73357133408297,45.379470279527425
602788173,Sheger Addis,convenience,NA,NA,Merivale Road,1232,NA,NA,-75.73336353813087,45.370745341400344
603741732,Moose Mart,convenience,NA,NA,Prescott Street,515,NA,NA,-75.64001912149385,45.01289163096815
603918536,Aram Market,convenience,NA,NA,Hazeldean Road,462,NA,NA,-75.88729275129475,45.298114548360445
604059120,African Queen,convenience,NA,NA,Bank Street,2430,NA,NA,-75.64866562713557,45.353215239540965
604084510,Sunny Mart,convenience,NA,NA,Gibford Drive,2900,NA,NA,-75.66828032311554,45.342853013892
605069155,Quickie,convenience,NA,NA,Pleasant Park Road,1034,NA,NA,-75.6216200949269,45.39534655303127
606346698,Circle K,convenience,NA,Circle K,Main Street East,45,Smiths Falls,K7A 1A5,-76.01744334707479,44.89951420225559
606521918,Shirin Market,convenience,NA,NA,March Road,700,NA,NA,-75.924158419877,45.350367237875034
606804354,L&F Montego Place,convenience,NA,NA,St. Joseph Boulevard,2211,NA,NA,-75.53345555367459,45.46775996811718
607739742,Geeland Baguio Store,convenience,NA,NA,St-Laurent Boulevard,1020,NA,NA,-75.6398049884614,45.42756807629941
609966175,Vaishali Superstore,convenience,NA,NA,Wylie Avenue,62,NA,NA,-75.80698154413655,45.35483065210434
614132685,Circle K,convenience,NA,Circle K,St. Lawrence Street,542,NA,NA,-75.35240499962235,45.09047745090581
614207143,Queen St Convenience,convenience,NA,NA,Queen Street,104,Smiths Falls,K7A 3N6,-76.0076306833101,44.89455562953386
615295517,A&M Confectionary,convenience,NA,NA,Clémentine Boulevard,1499,NA,NA,-75.67389724518463,45.3828069772556
617092353,Savannah Afro Caribbean Products,convenience,NA,NA,Bank Street,1838,NA,NA,-75.66465201516593,45.3703844407076
620184302,For the Road,convenience,NA,NA,NA,NA,NA,NA,-75.59684265607048,45.324716215433035
620660623,Nick's Confectionary,convenience,NA,NA,Montréal Road,920,NA,NA,-75.62868322170816,45.44632985805913
621820170,Chuck's Deli and Convenience,convenience,NA,NA,Trainyards Drive,100,NA,NA,-75.64636224602728,45.41277150491936
622453067,Best Price Oriental Market,convenience,NA,NA,Hazeldean Road,484,NA,NA,-75.89022718233346,45.295810405527504
624520405,Dépanneur Du Coin,convenience,NA,NA,NA,NA,NA,NA,-75.42155685031332,45.5561146999246
633026330,Mon Voisin,convenience,NA,NA,NA,NA,NA,NA,-75.16126926630828,45.434287067653074
634491971,Circle K,convenience,NA,Circle K,Forest Valley Drive,1600,NA,NA,-75.53572855733124,45.448817506290766
639721079,Darvesh Gas Grocery LCBO & Beer Store,convenience,NA,NA,Kinburn Side Road,3084,NA,K0A 2H0,-76.18871724442285,45.391414864342124
643569074,Rockland Variety,convenience,NA,NA,NA,NA,NA,NA,-75.29460843818977,45.54646017297513
651855643,Pretty Goods,convenience,NA,NA,NA,NA,NA,NA,-76.36485334975718,45.017341350071504
659143699,Kanata Kash N' Karry,convenience,NA,NA,Colchester Square,60,NA,NA,-75.88954549738627,45.32097358292308
664937972,Circle K,convenience,NA,Circle K,Tompkins Avenue,385,NA,K1E 3H4,-75.49817376538583,45.47750166103415
664937974,Baghlan Market,convenience,NA,NA,Tompkins Avenue,385,NA,K1E 3H4,-75.4983622033782,45.477446548272056
667509659,On the Run,convenience,NA,On the Run,Hawthorne Road,3467,NA,NA,-75.59694629782516,45.37478199801105
668488638,Kool Runnings,convenience,NA,NA,Montréal Road,2200,NA,NA,-75.58699496532539,45.44947878142693
672994900,Super Relais,convenience,NA,NA,Boulevard Gréber,47,NA,NA,-75.69934866188409,45.46186674349204
672994904,Super Stop,convenience,NA,NA,Innes Road,4358,NA,NA,-75.49115046535641,45.45928451396039
683428986,Oops! Express,convenience,NA,NA,NA,NA,NA,NA,-75.41145474029824,45.5177783216918
684253633,Circle K,convenience,NA,Circle K,Hunt Club Road,2100,NA,NA,-75.62016986043723,45.36407133304773
684253636,Circle K,convenience,NA,Circle K,Baseline Road,2545,NA,K2H 7B3,-75.78637996012192,45.342155977294446
686433354,Quickie,convenience,NA,NA,St. Lawrence Street,305,NA,NA,-75.83627885422949,44.9146467028308
692874357,Couche-Tard,convenience,NA,Couche-Tard,NA,NA,NA,NA,-75.7321381787639,45.44638270755679
693931688,Presto Mini Marche,convenience,NA,NA,Rue Belmont,10,NA,J9H 6J5,-75.83027794916526,45.394419434966565
709287243,Couche-Tard,convenience,NA,Couche-Tard,Rue A.-Gibeault,511,NA,J8R 2V9,-75.63620806355569,45.50669027240473
714483484,Crevier,convenience,fuel,Crevier,Rue Georges,187,NA,J8M 1T6,-75.42789643183747,45.56164771734439
715180896,Depanneur Eardley,convenience,NA,NA,NA,NA,NA,NA,-75.91128860187563,45.43785484998548
738303176,Nicholson's,convenience,NA,NA,County Road 29 North,2529,NA,NA,-76.29058332531922,45.3335630026745
743657244,Circle K,convenience,NA,Circle K,NA,NA,NA,NA,-76.24568754961865,44.8971881502627
743657259,Shell Food Market,convenience,NA,NA,NA,NA,NA,NA,-76.24084490158359,44.892216483849886
743734763,Circle K,convenience,NA,Circle K,NA,NA,NA,NA,-76.254376117438,44.9015453968581
743741868,Circle K,convenience,NA,Circle K,NA,NA,NA,NA,-76.17904710183981,45.23651365115032
753440590,County Line,convenience,NA,NA,NA,NA,NA,NA,-75.23046816853847,45.103047856010704
762685191,Super Stop,convenience,NA,NA,Somerset Street West,676,NA,NA,-75.70582980563074,45.41119793888151
762685192,Little Latin America,convenience,NA,NA,Somerset Street West,764,NA,NA,-75.70870495803082,45.41016923657455
795491676,Langford's,convenience,NA,NA,NA,NA,NA,NA,-75.88364240467467,45.48967367441022
842055002,Shelley's,convenience,NA,NA,South Gower Drive,251,NA,NA,-75.53106216507483,44.969337692335905
920420789,Waypoint Gatineau,convenience,NA,NA,Rue Saint-Louis,2336,Gatineau,NA,-75.74718256675915,45.48846298727496
1002490110,J4 Market,convenience,NA,NA,Spratt Road,3771,NA,NA,-75.67348930540216,45.28756264524109
1012891454,Shell,convenience,NA,Shell,Terry Fox Drive,473,NA,NA,-75.93277820024517,45.31226054859449
1084715404,That Corner Store,convenience,NA,NA,Greenbank Road,3812,NA,K2J 7B8,-75.73026964928066,45.242843312871
1102911958,Lucky R Convenient Store,convenience,NA,NA,Des Épinettes Avenue,375,NA,K1E 3E6,-75.49560521607688,45.46623756127307
